Date,total_trades,total_volume,win_rate,avg_closedPnL,avg_size,avg_execution_price,timestamp,value,classification,sentiment_num
2023-05-01,3,476.99280999999996,0.0,0.0,0.08376666666666666,1898.1333333333332,1682919000,63,Greed,1.0
2023-12-05,9,50005.82917,0.0,0.0,1.3121122222222223,11038.3,1701754200,75,Extreme Greed,1.0
2023-12-14,11,113203.34547,0.36363636363636365,-18.675885181818188,372.0262736363636,8031.868818181818,1702531800,72,Greed,1.0
2023-12-15,2,10609.956,0.0,-12.316016999999999,1779.0,2.982,1702618200,70,Greed,1.0
2023-12-16,3,15348.76138,0.0,0.0,13299.0,0.3847066666666667,1702704600,67,Greed,1.0
2023-12-17,14,116278.018081,0.5,21.78448464285714,6160.460614285715,802.5418592857143,1702791000,73,Greed,1.0
2023-12-18,2,31164.1856,0.0,0.0,7.153,2178.1000000000004,1702877400,65,Greed,1.0
2023-12-19,15,91602.41239,0.6666666666666666,66.70257413333334,10769.753733333333,447.8019113333333,1702963800,73,Greed,1.0
2023-12-20,18,141636.78283,0.4444444444444444,9.040682333333333,9695.566666666668,6.722871666666666,1703050200,74,Greed,1.0
2023-12-21,49,125233.97907,0.5306122448979592,10.963498000000001,27.84285714285714,91.84020408163265,1703136600,70,Greed,1.0
2023-12-22,10,88874.27747,0.2,14.1832675,245.07491,30692.8325,1703223000,74,Greed,1.0
2023-12-23,13,78438.24836,0.6153846153846154,11.302823384615383,10897.33846153846,3.0702846153846153,1703309400,70,Greed,1.0
2023-12-24,39,402954.92766,0.38461538461538464,25.862050153846155,7299.543489230769,13680.54118025641,1703395800,71,Greed,1.0
2023-12-25,3,59948.50502,0.0,-81.69378266666666,8.793733333333334,2275.4,1703482200,73,Greed,1.0
2023-12-27,28,171411.03608,0.14285714285714285,-25.174615249999995,16269.285714285714,0.37319214285714286,1703655000,73,Greed,1.0
2023-12-28,23,100117.24515,0.0,-42.20569026086957,11467.478260869566,0.4032943478260869,1703741400,73,Greed,1.0
2023-12-29,50,569559.70558,0.3,10.178442859999999,316.8720516,3836.17816,1703827800,65,Greed,1.0
2023-12-30,52,702550.20174,0.4423076923076923,6.826897076923077,3046.1517753846156,13421.615271153847,1703914200,68,Greed,1.0
2024-01-01,18,264239.51261,0.05555555555555555,-7.196192222222223,232.15481333333335,10373.330666666667,1704087000,65,Greed,1.0
2024-01-02,17,121348.72987200001,0.47058823529411764,46.11641858823529,12248.13852117647,10199.892598764705,1704173400,71,Greed,1.0
2024-01-03,67,394499.36837399995,0.417910447761194,12.925604582089552,962.718319402985,738.8837898507463,1704259800,70,Greed,1.0
2024-01-04,5,99792.53588000001,0.0,-13.520728,9.01916,2212.62,1704346200,68,Greed,1.0
2024-01-05,66,1703942.66731,0.19696969696969696,2.486993409090909,3.815267575757576,30495.46818181818,1704432600,72,Greed,1.0
2024-01-06,22,298521.41284,0.45454545454545453,6.16280290909091,321.7012109090909,6586.107318181818,1704519000,70,Greed,1.0
2024-01-07,97,1048850.051251,0.09278350515463918,-8.615270463917525,1702.9125883505153,7513.911021649485,1704605400,71,Greed,1.0
2024-01-08,128,1522452.47911,0.25,-2.1083940546875,844.6860564843751,15078.63093734375,1704691800,71,Greed,1.0
2024-01-09,70,870051.9215299999,0.2571428571428571,-11.804998042857143,1847.9473097142857,14127.109546714286,1704778200,76,Extreme Greed,1.0
2024-01-10,193,2057479.485642,0.21243523316062177,-7.860576901554404,1037.8364329533679,12914.76879230052,1704864600,73,Greed,1.0
2024-01-11,21,305314.08634,0.23809523809523808,-7.813785761904761,40.30665333333333,12141.70542857143,1704951000,76,Extreme Greed,1.0
2024-01-12,7,200082.27383999998,0.0,-275.0741462857143,220.32562000000001,39774.47142857143,1705037400,71,Greed,1.0
2024-01-15,14,50636.080449999994,0.6428571428571429,10.918112857142857,0.10228000000000001,16738.085714285717,1705296600,52,Neutral,0.5
2024-01-16,9,116427.3314,0.3333333333333333,-255.4634953333333,289.79784666666666,19105.61008888889,1705383000,64,Greed,1.0
2024-01-17,53,800831.0522700001,0.20754716981132076,15.344794547169812,76.50986150943396,20112.302,1705469400,60,Greed,1.0
2024-01-18,46,424631.50679,0.06521739130434782,1.4985476086956522,2.0375169565217393,24363.11304347826,1705555800,63,Greed,1.0
2024-01-19,48,428428.961,0.125,-8.029567395833334,36.55703333333333,14421.93125,1705642200,51,Neutral,0.5
2024-01-20,106,1070090.53039,0.14150943396226415,-1.3827817924528305,2420.192043962264,14671.724672933962,1705728600,52,Neutral,0.5
2024-01-21,11,103129.73894400001,0.2727272727272727,24.234649636363642,4022.930484545455,19141.940333454546,1705815000,56,Greed,1.0
2024-01-22,85,337878.99275000003,0.27058823529411763,16.18401128235294,1846.7937490588236,6179.383261176471,1705901400,55,Greed,1.0
2024-01-23,45,414518.917112,0.24444444444444444,-8.20543844444444,1935.7830824444445,11768.913676111111,1705987800,50,Neutral,0.5
2024-01-24,68,965084.596676,0.14705882352941177,-41.29932080882353,708.2411851470588,16861.48394732353,1706074200,48,Neutral,0.5
2024-01-25,6,66566.13906,0.0,-515.6048975,126.13833333333332,87.95416666666667,1706160600,52,Neutral,0.5
2024-01-26,5,11773.211116,0.2,18.04,19053.4,0.1198688,1706247000,49,Neutral,0.5
2024-01-28,11,18109.007999999998,0.0,-225.27906545454545,97.0909090909091,16.956,1706419800,54,Neutral,0.5
2024-01-29,74,414208.23184799997,0.6081081081081081,6.5751694864864865,3210.857934054054,15636.855511594595,1706506200,55,Greed,1.0
2024-01-30,49,401011.34982,0.10204081632653061,-3.5439630816326537,1.8660799999999997,27371.991836734695,1706592600,61,Greed,1.0
2024-01-31,859,6305647.3764390005,0.2689173457508731,-0.93113017112922,49.809440104772996,28200.90456028405,1706679000,60,Greed,1.0
2024-02-01,6,2008.1847710000002,0.0,0.0,7497.666666666667,0.07612616666666668,1706765400,63,Greed,1.0
2024-02-02,42,474278.433764,0.30952380952380953,10.867225547619048,1003.3270671428572,15601.771341142858,1706851800,63,Greed,1.0
2024-02-03,56,603819.98881,0.10714285714285714,3.9876640535714283,172.52263482142857,29939.640223214286,1706938200,60,Greed,1.0
2024-02-04,35,203187.53669,0.2571428571428571,1.360682714285714,597.2897454285715,12108.636457142857,1707024600,60,Greed,1.0
2024-02-05,72,770198.24871,0.19444444444444445,-0.4646415833333337,413.078175,15958.2223625,1707111000,60,Greed,1.0
2024-02-06,1088,8047153.469136,0.1645220588235294,-0.19817638511029412,50970.19511461397,22118.307961134193,1707197400,64,Greed,1.0
2024-02-07,15,6758.70464,0.13333333333333333,16.082808,884.1266666666667,3.98582,1707283800,62,Greed,1.0
2024-02-08,10,26051.1241,0.4,77.07560240000001,560995.31,10.0228845,1707370200,66,Greed,1.0
2024-02-11,34,212311.821349,0.20588235294117646,28.924799294117648,781.1343832352941,17890.449081970586,1707629400,71,Greed,1.0
2024-02-12,16,227247.68179,0.375,57.11761168749999,63.597461875,28717.7418125,1707715800,70,Greed,1.0
2024-02-13,14,1999.9932,1.0,39.960277857142856,2368.4285714285716,0.06054285714285714,1707802200,79,Extreme Greed,1.0
2024-02-14,111,320839.927319,0.7477477477477478,34.509908405405405,1449.0061737837837,5443.060992846847,1707888600,74,Greed,1.0
2024-02-15,63,185188.107677,0.9047619047619048,29.219010746031746,771.4092903174603,2750.1658545873015,1707975000,72,Greed,1.0
2024-02-16,182,564896.535928,0.8021978021978022,30.174554032967034,67960.78650631868,696.7813038571429,1708061400,72,Greed,1.0
2024-02-17,94,406118.06327,0.648936170212766,20.52810425531915,2364.6820122340428,3403.646719574468,1708147800,76,Extreme Greed,1.0
2024-02-18,97,157048.21183000001,0.6288659793814433,4.923967319587628,1774.6742268041237,3.395497731958763,1708234200,72,Greed,1.0
2024-02-19,101,286377.1492,0.7623762376237624,42.750183792079206,2693.6039687128714,2068.0068288118814,1708320600,75,Extreme Greed,1.0
2024-02-20,39,119419.723704,0.7948717948717948,83.68279035897436,1789.2820620512819,2681.8062438974357,1708407000,72,Greed,1.0
2024-02-21,22,108047.53806,0.6818181818181818,84.49084409090909,7780.979090909092,27.589205454545457,1708493400,78,Extreme Greed,1.0
2024-02-22,88,373033.916586,0.45454545454545453,44.25119397727272,1930.925004772727,1175.5737064772727,1708579800,74,Greed,1.0
2024-02-23,143,111106.02652999999,0.958041958041958,9.91995055944056,304.66713580419577,725.5068307692308,1708666200,76,Extreme Greed,1.0
2024-02-25,5,4480.1295,0.0,-6.1541,1580.0,0.5663259999999999,1708839000,74,Greed,1.0
2024-02-26,39,192187.18292999998,0.8717948717948718,113.25249487179488,1725.5384615384614,5.614911538461539,1708925400,72,Greed,1.0
2024-02-27,63,209362.29179000002,0.4126984126984127,14.103360841269842,1861.823492063492,36.161129396825395,1709011800,79,Extreme Greed,1.0
2024-02-28,45,171107.101114,0.8666666666666667,55.63882744444444,197876.56888888887,1.2982939111111111,1709098200,82,Extreme Greed,1.0
2024-02-29,116,395666.685727,0.8620689655172413,84.60342234482759,65112.63086206896,11.306912146551724,1709184600,80,Extreme Greed,1.0
2024-03-01,137,472974.663145,0.9343065693430657,60.176944591240876,189669.1678832117,2.725657408759124,1709271000,80,Extreme Greed,1.0
2024-03-02,31,63197.542455,0.6774193548387096,7.448406451612905,21023.645161290322,0.8005309032258064,1709357400,80,Extreme Greed,1.0
2024-03-03,79,390745.677042,0.6835443037974683,105.83653474683545,617403.642278481,3.0333498607594938,1709443800,83,Extreme Greed,1.0
2024-03-04,300,1577996.746285,0.8866666666666667,92.66591914,122975.3317346,419.88134141,1709530200,82,Extreme Greed,1.0
2024-03-05,180,841810.2949559999,0.9055555555555556,109.95014467222222,249929.40555555557,0.3816785944444444,1709616600,90,Extreme Greed,1.0
2024-03-06,82,327217.990646,0.8780487804878049,83.10762364634145,133599.34146341463,1.7171503902439025,1709703000,75,Extreme Greed,1.0
2024-03-08,67,183583.229574,0.8805970149253731,63.7594960597015,51466.72835820895,2.9131835970149256,1709875800,81,Extreme Greed,1.0
2024-03-09,117,658178.765539,0.8290598290598291,85.03847541880343,153711.76666666666,15.9975568974359,1709962200,84,Extreme Greed,1.0
2024-03-10,42,219973.8624,0.6904761904761905,59.117314285714286,762.8590476190477,34.630716666666665,1710048600,79,Extreme Greed,1.0
2024-03-11,42,176519.42601,0.9285714285714286,85.43284511904761,3318.3571428571427,2.647672619047619,1710135000,82,Extreme Greed,1.0
2024-03-12,8,103040.842,0.875,379.89575,1425.5,9.235375,1710221400,81,Extreme Greed,1.0
2024-03-13,7,6000.8022599999995,0.0,0.0,0.21608571428571427,3979.957142857143,1710307800,81,Extreme Greed,1.0
2024-03-14,18,205933.17923,0.8888888888888888,192.5481017777778,31332.350700000003,252.0171572222222,1710394200,88,Extreme Greed,1.0
2024-03-15,62,351894.414518,0.6612903225806451,100.58892985483871,189124.04668870967,502.81406972580646,1710480600,83,Extreme Greed,1.0
2024-03-16,8,37223.66167,0.125,28.57248,139044.303025,2750.4022475,1710567000,81,Extreme Greed,1.0
2024-03-17,23,99506.94409,0.43478260869565216,21.882345869565217,24.919056521739133,2191.606,1710653400,79,Extreme Greed,1.0
2024-03-18,19,90458.06317,0.3157894736842105,76.68198421052631,1047.3854368421053,2238.5484684210523,1710739800,77,Extreme Greed,1.0
2024-03-19,24,219884.87557,0.20833333333333334,27.86658220833333,7344.295204166666,575.3537,1710826200,79,Extreme Greed,1.0
2024-03-20,69,215705.92522,0.8695652173913043,93.08890723188406,2866.2952347826085,193.64368536231885,1710912600,74,Greed,1.0
2024-03-21,28,117895.56306,0.8214285714285714,83.41100267857142,5736.172092857143,124.34982285714285,1710999000,78,Extreme Greed,1.0
2024-03-24,19,92592.22297,0.7894736842105263,68.26413036842105,538.7263157894737,8.960757894736842,1711258200,74,Greed,1.0
2024-03-25,7,57116.32732,0.8571428571428571,186.13091828571427,2.279657142857143,3582.2999999999997,1711344600,75,Extreme Greed,1.0
2024-03-26,118,198565.2084,0.9322033898305084,27.253445703389833,283.4343694915254,219.49172627118645,1711431000,81,Extreme Greed,1.0
2024-03-27,38,99864.78379,0.3157894736842105,3.9581878947368416,361.11549368421055,13627.738306315789,1711517400,83,Extreme Greed,1.0
2024-03-28,13,35323.735136,0.6923076923076923,17.527000615384615,30659.364969230766,803.983042,1711603800,80,Extreme Greed,1.0
2024-03-29,15,86914.38673,0.4,58.873160266666666,1.6297,3541.54,1711690200,79,Extreme Greed,1.0
2024-03-30,45,101103.90474,0.9777777777777777,24.45722533333333,11507.333333333334,0.19727666666666666,1711776600,75,Extreme Greed,1.0
2024-03-31,13,39912.93963000001,0.7692307692307693,70.21431884615384,0.8463384615384617,3627.730769230769,1711863000,75,Extreme Greed,1.0
2024-04-01,77,339470.500845,0.5454545454545454,32.57095332467532,124200.39438181819,1332.2278167402596,1711949400,79,Extreme Greed,1.0
2024-04-02,41,239664.47561000002,0.2926829268292683,21.555141756097562,145.3196317073171,3060.7089024390243,1712035800,79,Extreme Greed,1.0
2024-04-03,4,16887.5616,0.25,31.6971,577.5,8.3283,1712122200,71,Greed,1.0
2024-04-04,32,95987.71009,0.0,0.0,0.8838843749999999,3401.434375,1712208600,70,Greed,1.0
2024-04-05,100,503791.831726,0.9,107.06484306,2085.152373,330.28005890000003,1712295000,79,Extreme Greed,1.0
2024-04-06,16,68223.66744,0.25,14.770945874999999,1.28005,3328.08125,1712381400,75,Extreme Greed,1.0
2024-04-07,23,49988.1611,0.0,0.0,0.6396869565217391,3398.0043478260873,1712467800,78,Extreme Greed,1.0
2024-04-08,30,211940.64508,0.03333333333333333,40.614223333333335,383.06829999999997,3295.5374166666666,1712554200,76,Extreme Greed,1.0
2024-04-09,3,57063.83727,0.0,0.0,5.4326333333333325,3501.3000000000006,1712640600,80,Extreme Greed,1.0
2024-04-10,41,351735.94638,0.8780487804878049,127.01081497560976,2.5000170731707314,3433.4707317073166,1712727000,78,Extreme Greed,1.0
2024-04-11,16,76400.96631999999,0.125,24.35894775,1.34810625,3521.2125,1712813400,76,Extreme Greed,1.0
2024-04-12,129,442088.595023,0.5503875968992248,-4.594153790697676,169926.00820387597,555.2924815968992,1712899800,79,Extreme Greed,1.0
2024-04-13,89,486411.283626,0.6853932584269663,74.3983343258427,87261.12585393258,658.6612459887641,1712986200,72,Greed,1.0
2024-04-14,107,659162.167688,0.308411214953271,-337.4206777570094,1122.766446728972,1787.6264255140186,1713072600,72,Greed,1.0
2024-04-15,41,291111.17707,0.8536585365853658,92.05094439024391,6401.461214634147,230.87443634146342,1713159000,74,Greed,1.0
2024-04-16,47,181907.20026,0.9148936170212766,52.504302574468085,5090.914893617021,0.8237938510638297,1713245400,65,Greed,1.0
2024-04-17,14,97562.9796,0.9285714285714286,174.39059999999998,1365.2857142857142,4.993378571428572,1713331800,67,Greed,1.0
2024-04-19,35,337257.91968,0.7714285714285715,55.61272748571429,3.1411685714285715,3065.0228571428574,1713504600,66,Greed,1.0
2024-04-20,22,60733.23488,0.0,0.0,16537.492177272725,285.09828863636363,1713591000,66,Greed,1.0
2024-04-22,9,47993.62418,0.0,0.0,1.6651222222222222,3202.222222222222,1713763800,73,Greed,1.0
2024-04-23,66,233054.85759,0.5303030303030303,16.962669636363636,2848.0353075757575,2616.430871212121,1713850200,71,Greed,1.0
2024-04-24,20,141275.21555,0.3,13.95929535,2.1910350000000003,3230.17,1713936600,72,Greed,1.0
2024-04-25,74,120240.99586000001,0.0,0.0,5251.9349054054055,251.67034283783786,1714023000,72,Greed,1.0
2024-04-26,3,4988.28521,0.0,0.0,13684.0,0.12152,1714109400,70,Greed,1.0
2024-04-27,27,154264.46749,0.7037037037037037,158.57363477777778,1.754911111111111,3258.651851851852,1714195800,67,Greed,1.0
2024-04-28,58,43985.63142,0.0,0.0,2363.3308793103447,451.9867443103448,1714282200,65,Greed,1.0
2024-04-29,45,108699.00198,0.37777777777777777,11.709640799999999,725.2259133333334,2245.884760888889,1714368600,67,Greed,1.0
2024-04-30,24,125018.74591,0.0,0.0,1.7244541666666666,3023.15,1714455000,67,Greed,1.0
2024-05-01,14,87025.4638,0.0,0.0,2.1303571428571426,2916.8142857142857,1714541400,54,Neutral,0.5
2024-05-03,36,282682.63886,0.4722222222222222,147.3893623611111,1181.3186777777778,1960.4601549999998,1714714200,48,Neutral,0.5
2024-05-04,9,58998.751001000004,0.0,0.0,64436.475877777775,2089.1695403333333,1714800600,67,Greed,1.0
2024-05-05,6,24068.344540000002,0.16666666666666666,0.15266666666666667,2.6048,2099.545833333333,1714887000,69,Greed,1.0
2024-05-06,9,206016.42648,0.4444444444444444,107.62115333333333,7.342155555555554,3109.866666666667,1714973400,71,Greed,1.0
2024-05-07,18,108717.587358,0.5,49.08542738888889,34437.05664444444,1715.215231,1715059800,68,Greed,1.0
2024-05-08,13,65973.57249,0.07692307692307693,0.12044307692307693,18.452576923076922,2312.7117384615385,1715146200,64,Greed,1.0
2024-05-09,28,221966.12848999997,0.39285714285714285,40.985566285714285,1238.2285142857143,2667.6832657142854,1715232600,55,Greed,1.0
2024-05-10,22,156881.99536,0.2727272727272727,95.53371340909092,2.4248045454545455,2946.254545454545,1715319000,66,Greed,1.0
2024-05-11,9,63248.936779999996,1.0,27.956082444444444,2.4046444444444446,2922.511111111111,1715405400,53,Neutral,0.5
2024-05-12,23,55179.539282,0.0,0.0,1501.9313304347825,1272.34931,1715491800,56,Greed,1.0
2024-05-13,28,193118.89158999998,0.35714285714285715,76.31620925,1121.0985035714286,2635.7705885714286,1715578200,57,Greed,1.0
2024-05-14,23,145853.40901,0.17391304347826086,50.02275239130436,2.1784826086956524,2912.1304347826085,1715664600,66,Greed,1.0
2024-05-15,36,234922.58374,0.4722222222222222,26.360293944444447,2.225477777777778,2930.625,1715751000,64,Greed,1.0
2024-05-16,27,162620.95312999998,0.18518518518518517,7.94777037037037,981.2678481481481,2656.364285925926,1715837400,70,Greed,1.0
2024-05-18,25,126303.14745,0.64,140.89578644000002,1.617028,3123.796,1716010200,73,Greed,1.0
2024-05-19,8,29998.084300000002,0.0,0.0,1.2177,3079.425,1716096600,72,Greed,1.0
2024-05-20,10,38124.759653,0.0,-7.4818442,64.07617,2156.14175,1716183000,70,Greed,1.0
2024-05-21,125,1100948.58418,0.112,58.31518057599999,136.59607808,14134.35288,1716269400,76,Extreme Greed,1.0
2024-05-22,6,44995.28661,0.0,0.0,2.00875,3733.3333333333335,1716355800,76,Extreme Greed,1.0
2024-05-23,325,401850.593567,0.4461538461538462,1.2718379353846154,9031.387665846154,1108.603136243077,1716442200,76,Extreme Greed,1.0
2024-05-24,2,50811.902200000004,1.0,410.974639,6.6079,3844.4,1716528600,74,Greed,1.0
2024-05-25,16,29991.122934000003,0.3125,0.8828774374999999,535.853875,469.7218425,1716615000,76,Extreme Greed,1.0
2024-05-26,16,53976.68183,0.25,48.66774375,353.725125,496.56757500000003,1716701400,75,Extreme Greed,1.0
2024-05-27,251,151115.724461,0.35856573705179284,4.499425776892431,5623.539922709163,33.197340745019915,1716787800,74,Greed,1.0
2024-05-29,164,84268.709095,0.4146341463414634,1.6938533719512194,1379.9740946341462,4235.211447786585,1716960600,72,Greed,1.0
2024-05-30,7,2838.085376,0.7142857142857143,2.9930618571428576,80.75368285714286,20348.618645714287,1717047000,73,Greed,1.0
2024-05-31,13,3636.149459,0.3076923076923077,1.9506246153846154,6684.907692307693,2.152072923076923,1717133400,73,Greed,1.0
2024-06-01,25,12834.623744,0.36,3.66041676,19997.52,1.1308718,1717219800,72,Greed,1.0
2024-06-02,93,29464.546476,0.3655913978494624,2.074268247311828,336.43548387096774,1.0599227956989248,1717306200,73,Greed,1.0
2024-06-03,70,21466.868433,0.6285714285714286,8.040117257142859,274.2757142857143,1.3030562857142858,1717392600,73,Greed,1.0
2024-06-04,53,24243.41788,0.4716981132075472,0.9851214716981133,46.85543735849057,13394.864554716982,1717479000,73,Greed,1.0
2024-06-05,54,25350.75432,0.2962962962962963,1.038064925925926,45.408776296296296,2682.9926944444446,1717565400,75,Extreme Greed,1.0
2024-06-06,234,137557.83376,0.42735042735042733,1.1716802863247862,303.81933333333336,30.647596965811967,1717651800,78,Extreme Greed,1.0
2024-06-07,440,1098588.8932400001,0.4,20.23288049090909,620.1389904545455,1232.3513694545454,1717738200,77,Extreme Greed,1.0
2024-06-08,29,97351.86465,0.27586206896551724,4.453063413793104,83.62974137931036,10513.408993103449,1717824600,72,Greed,1.0
2024-06-09,17,22410.216839999997,0.0,0.0,28.215747058823528,1091.865705882353,1717911000,75,Extreme Greed,1.0
2024-06-10,53,46587.90546,0.33962264150943394,0.589939716981132,101.1045641509434,280.7776811320755,1717997400,72,Greed,1.0
2024-06-11,123,373279.909833,0.13821138211382114,35.12708789430894,116.58544845528455,8924.726208861788,1718083800,74,Greed,1.0
2024-06-12,254,193407.9471,0.08267716535433071,-86.16744682283463,146.0846942519685,1364.4425952755905,1718170200,72,Greed,1.0
2024-06-13,79,132577.23353,0.24050632911392406,83.95895082278481,115.23933291139241,180.8725936708861,1718256600,70,Greed,1.0
2024-06-14,31,139868.6321,0.4838709677419355,330.9223422258064,386.9703,1759.0960645161292,1718343000,74,Greed,1.0
2024-06-15,78,718350.23447,0.48717948717948717,43.20459417948718,245.2563435897436,2138.914496153846,1718429400,74,Greed,1.0
2024-06-16,11,25235.095559999998,0.0,0.0,557.4181818181819,4.114990909090909,1718515800,71,Greed,1.0
2024-06-17,38,368380.12568,0.6578947368421053,278.9342730263158,662.0523657894737,1595.9607578947368,1718602200,71,Greed,1.0
2024-06-18,25,263314.82219000004,0.16,11.3030544,77.29624,2787.8253600000003,1718688600,74,Greed,1.0
2024-06-19,61,417071.12466,0.5081967213114754,80.12552367213115,329.7654672131148,1563.7263098360656,1718775000,64,Greed,1.0
2024-06-20,39,207990.784464,0.20512820512820512,1473.8065647692308,1327.9179025641024,374.05558,1718861400,60,Greed,1.0
2024-06-21,80,176264.47105999998,0.0375,9.66947755,99.80123999999999,877.39821875,1718947800,63,Greed,1.0
2024-06-22,24,169594.28022,0.3333333333333333,31.536523541666668,14.12735,1765.2402375,1719034200,53,Neutral,0.5
2024-06-23,5,1792.12,0.0,0.0,115.6,3.09,1719120600,55,Greed,1.0
2024-06-24,31,403002.78763000004,0.0,0.0,13.232345161290322,2708.8659548387095,1719207000,51,Neutral,0.5
2024-06-25,49,103099.07311,0.22448979591836735,99.3745531632653,648.8816326530613,3.248285714285714,1719293400,30,Fear,0.0
2024-06-26,72,365190.66183,0.2916666666666667,58.30183586111111,5.924615277777778,1472.1298,1719379800,46,Neutral,0.5
2024-06-27,30,130486.9624,0.0,0.0,107.67178666666668,1362.6499733333333,1719466200,40,Fear,0.0
2024-06-29,75,280095.11999100004,0.32,82.0043486,16421.784850666667,767.398007192,1719639000,30,Fear,0.0
2024-06-30,14,30520.698599999996,0.0,0.0,19875.41964285714,724.8069907142857,1719725400,47,Neutral,0.5
2024-07-01,64,362670.14177832,0.40625,79.1537391875,19175.58593125,1312.7375605675,1719811800,53,Neutral,0.5
2024-07-02,18,33347.468420000005,0.7222222222222222,134.514062,634.4611111111112,3.4119444444444444,1719898200,51,Neutral,0.5
2024-07-03,18,179600.65518,0.2222222222222222,62.132626888888886,14.254511111111112,2039.0916666666667,1719984600,50,Neutral,0.5
2024-07-04,25,430567.99370999995,0.0,0.0,12.119603999999999,2795.886,1720071000,44,Fear,0.0
2024-07-05,32,272289.87738,0.0,0.0,167.33809374999998,1837.889625,1720157400,29,Fear,0.0
2024-07-06,24,2490.18429332,0.2916666666666667,4.53634075,40982.375,1.10232597125,1720243800,26,Fear,0.0
2024-07-07,10,498.75,1.0,6.1428942,12.5,3.9900000000000007,1720330200,29,Fear,0.0
2024-07-08,1,497.64,0.0,0.0,156.0,3.19,1720416600,28,Fear,0.0
2024-07-09,15,2736.4455,1.0,43.265627466666665,40.0,4.546446666666666,1720503000,27,Fear,0.0
2024-07-10,56,687900.18475,0.6785714285714286,213.88812333928573,120.96079107142857,2410.4582857142855,1720589400,28,Fear,0.0
2024-07-11,19,169887.01205999998,0.47368421052631576,98.77958326315789,2.832973684210526,3151.1421052631576,1720675800,29,Fear,0.0
2024-07-12,19,89582.96714000001,0.47368421052631576,74.33235021052631,337.2799052631579,1621.380905263158,1720762200,25,Fear,0.0
2024-07-13,17,139189.19196,1.0,171.38928452941175,7.054270588235294,2416.179635294118,1720848600,25,Fear,0.0
2024-07-14,7,84001.12074,0.0,0.0,3.752614285714286,3194.1857142857143,1720935000,33,Fear,0.0
2024-07-15,26,198344.85125,0.0,-0.038461538461538464,9.609565384615385,2752.5296153846157,1721021400,52,Neutral,0.5
2024-07-16,22,144000.54916,0.0,0.0,1.8975636363636363,3446.881818181818,1721107800,65,Greed,1.0
2024-07-17,351,626005.51014,0.4131054131054131,5.297064037037037,424.18365754985757,92.99230740740741,1721194200,69,Greed,1.0
2024-07-18,60,649704.82814,0.8,63.398071849999994,48.61117333333333,2995.8028266666665,1721280600,61,Greed,1.0
2024-07-19,23,150269.43056,0.5217391304347826,93.73439626086956,34.80573913043478,8050.626695652173,1721367000,60,Greed,1.0
2024-07-20,266,244362.21072,0.12406015037593984,8.643494609022557,123.62358834586466,124.94923650375941,1721453400,74,Greed,1.0
2024-07-21,448,234307.40842,0.046875,-6.608743051339286,133.27398504464287,27.973419642857145,1721539800,74,Greed,1.0
2024-07-22,154,304213.71142,0.14285714285714285,9.851427766233765,123.62008246753246,481.8778051948052,1721626200,70,Greed,1.0
2024-07-23,370,358526.5282,0.8891891891891892,242.9467627189189,176.92951027027027,23.578924594594596,1721712600,71,Greed,1.0
2024-07-24,90,69207.92880726614,0.2,6.9506831,1216.9060311638889,115.88352861011111,1721799000,69,Greed,1.0
2024-07-25,78,528555.3094460242,0.1282051282051282,11.753054615384617,5105.072443333333,2688.136446210769,1721885400,68,Greed,1.0
2024-07-26,152,548587.650090869,0.40131578947368424,18.200744164473683,1771.2445236644737,826.2452972302632,1721971800,68,Greed,1.0
2024-07-27,57,905199.782580988,0.7368421052631579,112.2916430877193,36.697863684210525,2922.802513681579,1722058200,72,Greed,1.0
2024-07-28,16,43254.660500000005,0.75,36.706189375,307.10018125,607.7397125,1722144600,71,Greed,1.0
2024-07-29,39,327199.14641000004,0.41025641025641024,8.482165487179486,129.66869794871795,48349.08078974359,1722231000,74,Greed,1.0
2024-07-30,6,36006.47697,0.0,0.0,1.8210166666666667,3295.4833333333336,1722317400,67,Greed,1.0
2024-07-31,43,84506.534086,0.32558139534883723,17.806764744186047,1036.8645976744185,256.78039232558143,1722403800,61,Greed,1.0
2024-08-01,57,227774.51260871076,0.07017543859649122,2.9312283684210527,5137.320734096491,18740.473002526316,1722490200,52,Neutral,0.5
2024-08-02,63,396320.3565008986,0.2698412698412698,12.418542714285714,1084.6567308063493,14406.321016984128,1722576600,57,Greed,1.0
2024-08-03,37,290532.88809492247,0.02702702702702703,12.545667567567568,1943.726457837838,2718.8256902127027,1722663000,37,Fear,0.0
2024-08-04,127,1207744.076719446,0.023622047244094488,-965.9212667952756,1787.7930654385825,11138.705859755904,1722749400,34,Fear,0.0
2024-08-05,80,420495.37342,0.4125,-162.6708146125,5276.784429,14847.670722625,1722835800,26,Fear,0.0
2024-08-06,107,61478.393769969996,0.12149532710280374,2.4982995140186914,2856.466975981308,1056.048024274299,1722922200,17,Extreme Fear,0.0
2024-08-07,33,2492.769600670129,0.30303030303030304,5.720886515151515,885.1798336400001,1.594288883939394,1723008600,29,Fear,0.0
2024-08-08,9,16299.355026344874,0.0,-4.5235796666666666,1616.2060597999998,520.3884688888888,1723095000,20,Extreme Fear,0.0
2024-08-09,144,503204.82161845063,0.2986111111111111,125.56993941666666,585.9188250000001,4675.996384345139,1723181400,48,Neutral,0.5
2024-08-10,88,11339.27659695112,0.0,0.0,1768.9543132954545,1.8675185526136362,1723267800,40,Fear,0.0
2024-08-11,24,44230.218423,0.16666666666666666,35.32402583333334,3980.1769375000003,892.9076233333334,1723354200,39,Fear,0.0
2024-08-12,48,54167.3325293208,0.125,17.88896875,1238.82256675,855.5521279583332,1723440600,25,Fear,0.0
2024-08-13,23,20797.882690046135,0.34782608695652173,9.220913913043479,6422.255778418262,458.5604338260869,1723527000,31,Fear,0.0
2024-08-14,25,66710.01885611855,0.2,86.75606052,2945.20819296,971.82196148,1723613400,30,Fear,0.0
2024-08-15,12,1522.367833,0.0,0.0,3929.25,0.032253416666666666,1723699800,29,Fear,0.0
2024-08-16,35,166382.806193,0.08571428571428572,23.578015542857145,1960.986538857143,13243.149667228572,1723786200,27,Fear,0.0
2024-08-17,30,30248.943302,0.0,-9.609437100000001,5956.195000000001,0.17191166666666666,1723872600,25,Fear,0.0
2024-08-18,15,62804.47477449648,0.8,20.480125866666665,1.5819203686666665,2467.2810786666664,1723959000,31,Fear,0.0
2024-08-19,8,100315.03385,0.625,42.462447874999995,0.2143725,58542.625,1724045400,28,Fear,0.0
2024-08-20,12,49914.79692,0.08333333333333333,16.050237,673.0766666666667,1739.2645333333332,1724131800,30,Fear,0.0
2024-08-21,145,104990.427218,0.3724137931034483,4.525523620689655,307.5029110344828,141.46601248275863,1724218200,26,Fear,0.0
2024-08-23,10,63509.55795,0.3,100.53052699999999,2.3667000000000002,2683.83,1724391000,34,Fear,0.0
2024-08-24,7,34999.670079999996,0.0,0.0,0.8197685714285715,46230.142857142855,1724477400,56,Greed,1.0
2024-08-25,17,21950.275498,0.0,0.0,3244.9103688235296,19585.087261176468,1724563800,54,Neutral,0.5
2024-08-26,6,92611.27523,0.3333333333333333,38.539486333333336,23.494033333333334,2263.875,1724650200,55,Greed,1.0
2024-08-27,50,70250.16057617421,0.0,0.0,1749.7648236,372.7858502784,1724736600,48,Neutral,0.5
2024-08-28,9,71160.08737,0.2222222222222222,148.15107166666667,2.2084722222222224,15309.777777777777,1724823000,30,Fear,0.0
2024-08-29,1,9995.8488,0.0,0.0,0.1644,60802.0,1724909400,29,Fear,0.0
2024-08-30,6,37233.242888535875,0.16666666666666666,42.744,908.1710073999999,11097.769382833334,1724995800,34,Fear,0.0
2024-08-31,34,107507.43109782883,0.35294117647058826,0.3200823823529412,686.9230682352942,11030.937086423235,1725082200,29,Fear,0.0
2024-09-01,12,12359.663834683,0.4166666666666667,11.452757750000002,487.2467616666666,44.57331249999999,1725168600,26,Fear,0.0
2024-09-02,2,30000.424769999998,0.0,0.0,6.18285,2426.1,1725255000,26,Fear,0.0
2024-09-04,34,131480.94938499999,0.14705882352941177,31.346621529411763,1535.5995032352942,5402.028013264706,1725427800,27,Fear,0.0
2024-09-05,1,0.8427951946369999,0.0,0.0,10818.93703,7.79e-05,1725514200,29,Fear,0.0
2024-09-06,42,39047.114830000006,0.0,-26.306113452380952,34.51507380952381,215.73034285714286,1725600600,22,Extreme Fear,0.0
2024-09-08,1,0.10981749839999999,0.0,0.0,0.93414,0.11756,1725773400,29,Fear,0.0
2024-09-09,2,4014.42,0.0,0.0,174540.0,0.0115,1725859800,26,Fear,0.0
2024-09-10,3,2547.28609,0.0,-73.24321966666666,22224.58736666667,1557.6705000000002,1725946200,33,Fear,0.0
2024-09-11,1,0.5380624473,0.0,0.0,35870.82982,1.5e-05,1726032600,37,Fear,0.0
2024-09-14,11,1014.8075296319199,0.0,0.0,8032.57604,0.010652363636363637,1726291800,50,Neutral,0.5
2024-09-18,145,13633.51601,0.0,-6.059895131034483,564.1103448275862,3.120756620689655,1726637400,45,Neutral,0.5
2024-09-19,19,1521.854026,0.0,0.0,4302.0,0.9843423684210526,1726723800,49,Neutral,0.5
2024-09-20,16,332873.40741,0.5,599.0646425,475.208815625,17153.90225,1726810200,54,Neutral,0.5
2024-09-21,23,165648.14804,1.0,1572.416057826087,1675.3695652173913,4.30038695652174,1726896600,54,Neutral,0.5
2024-09-22,3,19999.737970000002,0.0,0.0,0.10632333333333333,62701.0,1726983000,52,Neutral,0.5
2024-09-23,2,40334.29548,0.5,167.380398,0.31675,63672.0,1727069400,50,Neutral,0.5
2024-09-24,10,7118.647723,0.0,0.0,3694.3229999999994,0.4286068,1727155800,54,Neutral,0.5
2024-09-25,9,52754.136719999995,0.0,0.0,74.4776211111111,42295.14844444444,1727242200,59,Greed,1.0
2024-09-26,8,113711.927413,0.25,54.976564125,1042.8475975000001,24173.9921375,1727328600,50,Neutral,0.5
2024-09-27,56,126097.029356,0.0,0.0,114.53559517857141,11807.956114285715,1727415000,61,Greed,1.0
2024-09-28,4,29199.208700000003,0.0,0.0,1779.8300000000002,4.101,1727501400,64,Greed,1.0
2024-09-30,106,214670.00032,0.04716981132075472,25.571946113207545,86.68551886792451,6063.712550943396,1727674200,61,Greed,1.0
2024-10-01,4,139954.32129,0.0,0.0,0.56409,62044.5,1727760600,50,Neutral,0.5
2024-10-02,4,99954.34189,0.0,0.0,0.4102475,60911.0,1727847000,42,Fear,0.0
2024-10-03,9,132935.701832,0.3333333333333333,11.152864666666666,419.77671,26799.238066666665,1727933400,37,Fear,0.0
2024-10-04,1,0.33810461189999996,0.0,0.0,307.367829,0.0011,1728019800,41,Fear,0.0
2024-10-05,37,605605.7145409533,0.6486486486486487,155.86924032432432,61.5911734054054,60568.594601856756,1728106200,49,Neutral,0.5
2024-10-06,22,300130.58184,0.22727272727272727,5.9312308636363635,0.2190022727272727,62166.40909090909,1728192600,50,Neutral,0.5
2024-10-07,21,219984.64516000001,0.0,0.0,0.16447142857142857,63684.42857142857,1728279000,50,Neutral,0.5
2024-10-08,36,434584.1281958693,0.9166666666666666,149.90407327777777,11.514726416666667,58825.33341509444,1728365400,49,Neutral,0.5
2024-10-09,14,220399.92491,0.21428571428571427,28.290194285714286,0.25424285714285716,61800.92857142857,1728451800,49,Neutral,0.5
2024-10-10,16,300024.33151,0.0,0.0,0.315561875,59323.25,1728538200,39,Fear,0.0
2024-10-11,26,488904.16735649866,0.6923076923076923,341.74336450000004,173.86945692307694,59195.38462157692,1728624600,32,Fear,0.0
2024-10-12,10,159713.39476,0.7,54.155471,0.254599,62726.0,1728711000,49,Neutral,0.5
2024-10-13,10,60002.41658999999,0.0,0.0,0.095706,62778.2,1728797400,50,Neutral,0.5
2024-10-14,5,61916.017750000006,1.0,382.72391600000003,0.191412,64693.8,1728883800,48,Neutral,0.5
2024-10-15,7,81173.36482999999,0.5714285714285714,167.17515371428573,0.17436857142857143,66652.28571428571,1728970200,65,Greed,1.0
2024-10-16,11,80229.16954,0.2727272727272727,19.95280690909091,0.10793818181818181,67576.54545454546,1729056600,73,Greed,1.0
2024-10-17,9,140531.75086,0.1111111111111111,4.0127733333333335,0.23256222222222223,67400.11111111111,1729143000,71,Greed,1.0
2024-10-18,6,120331.43022,0.8333333333333334,55.536523499999994,0.2982916666666667,67397.0,1729229400,73,Greed,1.0
2024-10-19,4,99996.86605000001,0.0,0.0,0.365985,68391.25,1729315800,72,Greed,1.0
2024-10-20,96,176447.874719,0.11458333333333333,4.05370621875,543.7422541666666,4280.33074875,1729402200,73,Greed,1.0
2024-10-21,173,324118.01302,0.3930635838150289,14.248066843930635,633.2422891907514,4316.762150867052,1729488600,72,Greed,1.0
2024-10-22,3,60000.3603,0.0,0.0,0.2983,67047.0,1729575000,70,Greed,1.0
2024-10-23,18,210006.05804,0.0,-2.5827745,3.07934,30954.322222222225,1729661400,71,Greed,1.0
2024-10-25,30,427883.18564,0.7,441.19540236666666,266.86493133333335,56633.085333333336,1729834200,72,Greed,1.0
2024-10-27,4,90664.40483,0.75,166.66557699999998,0.3346175,67737.75,1730007000,74,Greed,1.0
2024-10-28,13,121495.23672,0.3076923076923077,12.867704769230771,475.4426884615385,52838.49888384615,1730093400,72,Greed,1.0
2024-10-29,53,613267.82764,0.05660377358490566,15.11643162264151,119.01240245283019,51081.13156396226,1730179800,72,Greed,1.0
2024-10-30,25,11830.848523,0.28,0.36600091999999995,653.5925560000001,646.6885008,1730266200,77,Extreme Greed,1.0
2024-10-31,48,896173.3526710001,0.7083333333333334,25.292579395833332,142.73490770833334,42753.894183125,1730352600,77,Extreme Greed,1.0
2024-11-01,23,260981.03281,0.2608695652173913,45.238075478260875,2519.099794347826,27379.532136956524,1730439000,75,Extreme Greed,1.0
2024-11-02,2,39999.9936,0.0,0.0,0.29036,68880.0,1730525400,72,Greed,1.0
2024-11-03,6,129055.6699,0.0,0.0,21569.436363333334,45208.04899166667,1730611800,74,Greed,1.0
2024-11-04,36,451811.99086,0.6388888888888888,77.76140205555555,3595.035491666667,49681.014294444445,1730698200,70,Greed,1.0
2024-11-05,10,200627.22152,0.5,67.8475928,0.296249,67511.4,1730784600,70,Greed,1.0
2024-11-06,15,123906.91204000001,0.4666666666666667,187.85581533333334,778.91158,58370.23423933333,1730871000,70,Greed,1.0
2024-11-07,113,111335.248923,0.5309734513274337,39.764187044247784,1173.1461306194692,1338.6989985840708,1730957400,77,Extreme Greed,1.0
2024-11-08,39,270700.42376000003,0.15384615384615385,-1.6516292564102582,205.80929333333333,46749.91446666667,1731043800,75,Extreme Greed,1.0
2024-11-09,86,193384.397206,0.22093023255813954,1.196615581395349,895.6150837209303,8015.27303244186,1731130200,75,Extreme Greed,1.0
2024-11-10,173,413636.714386,0.2947976878612717,5.728984589595376,4858.5429808670515,22619.335545589594,1731216600,78,Extreme Greed,1.0
2024-11-11,373,1570572.268259,0.24664879356568364,18.09552545844504,8178.491698445041,6882.198738908847,1731303000,76,Extreme Greed,1.0
2024-11-12,171,1226354.4955799999,0.19883040935672514,20.435084175438597,844.6342376608188,33638.82797450292,1731389400,80,Extreme Greed,1.0
2024-11-13,48,515336.40695100004,0.5625,163.46671404166668,1689.935759791667,46411.560992520834,1731475800,84,Extreme Greed,1.0
2024-11-14,110,1008361.796498,0.2545454545454545,41.4864475,47175.091261272726,33402.97117528182,1731562200,88,Extreme Greed,1.0
2024-11-15,149,1427858.505675,0.3691275167785235,27.790204281879195,146.12929852348992,47181.7405247651,1731648600,80,Extreme Greed,1.0
2024-11-16,157,303296.101346,0.3057324840764331,17.640266936305732,1043.2134256050956,8005.464557764331,1731735000,86,Extreme Greed,1.0
2024-11-17,209,1215987.528332,0.23444976076555024,4.224762129186603,567.772894784689,13599.930072669855,1731821400,90,Extreme Greed,1.0
2024-11-18,346,2084339.59982066,0.3583815028901734,12.921431176300578,2204.769936734104,13431.133118797688,1731907800,83,Extreme Greed,1.0
2024-11-19,305,628031.1904862984,0.4918032786885246,9.699242593442623,2023.4159422622952,15993.576337872131,1731994200,90,Extreme Greed,1.0
2024-11-20,550,1999514.154817,0.3981818181818182,7.654714358181818,6103.909029581818,9792.793397765454,1732080600,83,Extreme Greed,1.0
2024-11-21,535,598300.558755,0.308411214953271,3.1634222261682243,11826.205131233646,7300.062138975701,1732167000,82,Extreme Greed,1.0
2024-11-22,679,1646713.6355,0.3078055964653903,-26.664721085419732,10108.91385544919,9893.695111284242,1732253400,94,Extreme Greed,1.0
2024-11-23,363,516245.725623,0.3526170798898072,7.993200104683195,5105.498280275482,4723.455523900826,1732339800,93,Extreme Greed,1.0
2024-11-24,172,664952.281453,0.26744186046511625,5.497385965116279,2059.962264476744,19953.478843476743,1732426200,80,Extreme Greed,1.0
2024-11-25,255,937410.852452,0.4117647058823529,21.66172836862745,2082.7371719215685,14680.957598172548,1732512600,82,Extreme Greed,1.0
2024-11-26,302,1146902.403842,0.2913907284768212,3.6251965529801327,6647.971826821192,10192.743361337749,1732599000,79,Extreme Greed,1.0
2024-11-27,213,1444242.525653,0.3474178403755869,-12.462420812206572,1803.0633678403756,19940.432149488264,1732685400,75,Extreme Greed,1.0
2024-11-28,332,1894225.11699,0.32831325301204817,-382.75722766566264,92.07571469879518,4420.7387338072285,1732771800,77,Extreme Greed,1.0
2024-11-29,393,794262.90333934,0.48854961832061067,449.98726247328244,1740.3669825954198,1859.8201062210942,1732858200,78,Extreme Greed,1.0
2024-11-30,373,1732193.6593480066,0.42091152815013405,100.04475474530831,727.0723255344503,3435.1424477873725,1732944600,84,Extreme Greed,1.0
2024-12-01,416,814711.9570724809,0.53125,98.28453003365385,8557.978933701948,6389.235122030456,1733031000,81,Extreme Greed,1.0
2024-12-02,270,585243.4758392512,0.4074074074074074,68.48001597407408,781.3549586666667,6137.360651434223,1733117400,80,Extreme Greed,1.0
2024-12-03,374,1084666.510653,0.4304812834224599,63.03887509358289,671.7823864171123,2354.399729529412,1733203800,76,Extreme Greed,1.0
2024-12-04,319,769287.6978940717,0.46394984326018807,918.1561599404388,42272.5335437379,3922.991142316614,1733290200,78,Extreme Greed,1.0
2024-12-05,456,1256750.7987900001,0.4232456140350877,156.96078615789474,165.85519708333334,4881.7428253070175,1733376600,84,Extreme Greed,1.0
2024-12-06,403,3471019.3051,0.23325062034739455,-229.83782604218362,269.6690576674938,15604.850347196028,1733463000,72,Greed,1.0
2024-12-07,304,451733.35789760563,0.4309210526315789,282.5864442993421,4247.281003591382,1359.7200135328949,1733549400,75,Extreme Greed,1.0
2024-12-08,420,932939.660374,0.3619047619047619,38.014127228571425,2215.127885952381,1787.932218347619,1733635800,79,Extreme Greed,1.0
2024-12-09,539,983949.726508,0.31910946196660483,11.708659881261596,316.0425636549165,3534.2818935269015,1733722200,78,Extreme Greed,1.0
2024-12-10,1596,3150423.8495111354,0.5870927318295739,24.640206911654136,1797.987154344173,2885.2128903966163,1733808600,78,Extreme Greed,1.0
2024-12-11,1221,2194098.364461,0.7125307125307125,261.30348420720725,304.5544205651106,4356.6742505249795,1733895000,74,Greed,1.0
2024-12-12,1932,4557189.73703446,0.6997929606625258,310.1199767122153,850.9996146169772,2265.6843708274846,1733981400,83,Extreme Greed,1.0
2024-12-13,1173,2880824.535528,0.40153452685422,27.22583268968457,467.88356279624895,4577.503724812446,1734067800,76,Extreme Greed,1.0
2024-12-14,1235,2369561.7912950674,0.47368421052631576,135.87157833522267,303.7040612677733,2159.9074581732793,1734154200,83,Extreme Greed,1.0
2024-12-15,1697,2583269.80463575,0.24572775486152032,57.4692488385386,490.8310433942251,1595.8074837011786,1734240600,80,Extreme Greed,1.0
2024-12-16,1055,2740808.9615622945,0.5071090047393365,158.07994704549765,155.09748464952605,3014.2459456306633,1734327000,83,Extreme Greed,1.0
2024-12-17,1941,5233597.723958275,0.4363730036063885,113.13307839876352,805.489355088135,1052.0018582095724,1734413400,87,Extreme Greed,1.0
2024-12-18,1429,3798887.0894005722,0.36599020293911827,9.575223703988803,592.0124681672918,5035.001314213366,1734499800,81,Extreme Greed,1.0
2024-12-19,3339,8241709.511445015,0.6148547469302186,18.79125621024259,3217.0077668654776,2950.7475688442946,1734586200,75,Extreme Greed,1.0
2024-12-20,2488,7681274.81126886,0.5558681672025724,102.47976689670418,685.3370861857517,1281.1534623320258,1734672600,74,Greed,1.0
2024-12-21,1681,4382875.0773546,0.5496728138013087,89.24578415050566,83.86349724568709,3657.2952470862583,1734759000,73,Greed,1.0
2024-12-22,774,3087320.219224,0.4354005167958656,455.03509557235145,446.33566662790696,1463.3598931589147,1734845400,73,Greed,1.0
2024-12-23,2347,6771878.43537355,0.2901576480613549,-12.53967898466127,305.0573126501917,1741.0217452281254,1734931800,70,Greed,1.0
2024-12-24,338,1767036.1242604079,0.33727810650887574,43.827751822485205,3698.934809200976,11362.672453045592,1735018200,73,Greed,1.0
2024-12-25,208,347889.27224130736,0.30288461538461536,3.637774264423076,704.1232302884616,3392.6270428030766,1735104600,73,Greed,1.0
2024-12-26,697,2205242.687897,0.5136298421807748,86.41124780774749,916.5829964849354,4755.660897423242,1735191000,79,Extreme Greed,1.0
2024-12-27,260,347912.9494670144,0.4230769230769231,10.280042442307693,488.23958428523076,13201.857670753847,1735277400,74,Greed,1.0
2024-12-28,161,281555.105363,0.22981366459627328,5.842693310559007,124.71931689440994,4138.285644782609,1735363800,72,Greed,1.0
2024-12-29,201,344628.494552,0.31840796019900497,14.348596651741294,590.978013681592,7062.877761626865,1735450200,73,Greed,1.0
2024-12-30,304,1073865.740501,0.39473684210526316,29.637296503289473,611.8233510197368,12587.64033930592,1735536600,65,Greed,1.0
2024-12-31,306,877164.63378,0.3006535947712418,17.794159509803922,20454.671761111113,28739.599964186276,1735623000,64,Greed,1.0
2025-01-01,96,282582.080708,0.3020833333333333,-99.25068067708334,361.94783041666665,8822.579264114584,1735709400,66,Greed,1.0
2025-01-02,361,774674.85594,0.45706371191135736,24.145482235457067,1104.1539003324099,10094.891613861495,1735795800,70,Greed,1.0
2025-01-03,508,771209.104457,0.27165354330708663,11.867099986220472,748.3118989370079,9803.075828159448,1735882200,74,Greed,1.0
2025-01-04,371,1826029.677386,0.20215633423180593,6.882851665768194,527.6448478167116,7797.149899172507,1735968600,73,Greed,1.0
2025-01-05,239,451943.5077764512,0.41841004184100417,13.337737920502093,1088.4268306694562,7824.165539405858,1736055000,72,Greed,1.0
2025-01-06,573,556527.062831,0.15532286212914484,10.583220581151831,1067.2190506108202,7217.135723097731,1736141400,76,Extreme Greed,1.0
2025-01-07,637,1313178.1710339999,0.7613814756671899,25.271942748822607,3348.320688273155,9068.043705916796,1736227800,78,Extreme Greed,1.0
2025-01-08,1039,3177275.100449,0.37151106833493747,125.23300342059672,1263.6605648796922,6518.9895779990375,1736314200,70,Greed,1.0
2025-01-09,522,1020733.193007,0.2777777777777778,89.99220096168582,737.3802749042145,6362.8980927356315,1736400600,69,Greed,1.0
2025-01-10,819,6547449.582684,0.5274725274725275,-12.352717401709402,1308.920472124542,31588.405895721615,1736487000,50,Neutral,0.5
2025-01-11,283,1658098.721674,0.24381625441696114,8.017952424028268,359.6628438162544,30131.135140431095,1736573400,69,Greed,1.0
2025-01-12,602,2258459.379615,0.7840531561461794,9.538607646179402,1121.4513145847175,12893.280709518272,1736659800,62,Greed,1.0
2025-01-13,408,2936648.0209072023,0.3872549019607843,23.66526801960784,2369.336544019608,29317.207596281864,1736746200,61,Greed,1.0
2025-01-14,275,876582.0223750001,0.49818181818181817,58.43459038181818,444.7584790181818,21343.217767563634,1736832600,63,Greed,1.0
2025-01-15,267,1801599.901969,0.4606741573033708,55.50407602996255,1045.4241110861424,28411.1857780412,1736919000,70,Greed,1.0
2025-01-16,371,3049692.8926330176,0.3423180592991914,56.08546988679245,740.8639671159029,30076.24313476011,1737005400,75,Extreme Greed,1.0
2025-01-17,238,1110230.4997699999,0.5294117647058824,29.43872104201681,1372.5510670168067,8905.736269495797,1737091800,75,Extreme Greed,1.0
2025-01-18,651,2711629.918111687,0.38095238095238093,0.6808495883256523,4804.106598740399,9620.95311349616,1737178200,77,Extreme Greed,1.0
2025-01-19,1567,9715215.049641617,0.20229738353541799,56.10963580216975,413.70297818761964,6104.771320986599,1737264600,77,Extreme Greed,1.0
2025-01-20,1315,8287326.896812,0.5224334600760456,66.37052408593155,1303.293754174905,16330.118057409887,1737351000,76,Extreme Greed,1.0
2025-01-21,530,1523729.631836115,0.3867924528301887,20.901583813207548,749.3587249622642,19761.02999872815,1737437400,76,Extreme Greed,1.0
2025-01-22,832,1778406.180462,0.28125,24.66875968389423,3328.2369150721156,8344.303495522838,1737523800,84,Extreme Greed,1.0
2025-01-23,1218,3697028.66398268,0.6609195402298851,83.13320374384236,3298.1713712643677,6983.956473275615,1737610200,75,Extreme Greed,1.0
2025-01-24,874,1611433.4707741083,0.5583524027459954,12.131326931350113,1305.545316693364,5079.286193251716,1737696600,75,Extreme Greed,1.0
2025-01-25,506,1239377.678231,0.27865612648221344,-20.450625011857706,1387.4884490909092,3985.267088405138,1737783000,75,Extreme Greed,1.0
2025-01-26,451,1201173.584255,0.43458980044345896,90.51766445232816,4308.84201773836,18.065921855875832,1737869400,73,Greed,1.0
2025-01-27,773,1508028.281058,0.4760672703751617,53.469295461837,3412.6423068952136,11661.276710637774,1737955800,71,Greed,1.0
2025-01-28,498,579412.0645028818,0.6285140562248996,36.103642516064255,13691.202972984398,6429.960821865462,1738042200,72,Greed,1.0
2025-01-29,910,1897513.272527,0.4164835164835165,25.737375241758244,5644.36754010989,581.4878012956043,1738128600,72,Greed,1.0
2025-01-30,1067,3014397.231249,0.3467666354264292,21.64711470009372,1487.9263648359886,8261.57404625867,1738215000,70,Greed,1.0
2025-01-31,1016,2783411.415887,0.5413385826771654,35.303441705708664,4091.0517221358264,6716.441229059054,1738301400,76,Extreme Greed,1.0
2025-02-01,634,1363746.251289,0.5962145110410094,50.946695610410096,10302.174925757097,4211.306208217666,1738387800,68,Greed,1.0
2025-02-02,1319,5661092.351257195,0.35860500379075055,123.46835452843062,2165.5854666641394,5409.088864621683,1738474200,60,Greed,1.0
2025-02-03,2380,22592901.397937045,0.4634453781512605,146.58459086932774,5459.560293928433,4859.416197735714,1738560600,44,Fear,0.0
2025-02-04,2512,15678409.382138,0.276671974522293,165.9541752070064,455.5059792754777,15703.124947818073,1738647000,72,Greed,1.0
2025-02-05,1297,8743231.55327,0.3215111796453354,43.721075992289904,907.2909145258288,21926.164488164224,1738733400,54,Neutral,0.5
2025-02-06,1703,2818508.789804,0.46095126247798,19.84955944392249,1467.1614553846152,2869.875065266001,1738819800,49,Neutral,0.5
2025-02-07,1524,3460263.544349,0.2821522309711286,14.730972500656167,22272.25599020997,23967.33330591798,1738906200,44,Fear,0.0
2025-02-08,575,839735.3870250001,0.19130434782608696,1.0203534834782608,1982.8812648521741,17096.856943027826,1738992600,44,Fear,0.0
2025-02-09,764,2920919.6308292,0.4306282722513089,197.05736844502616,5908.921243638743,1661.4545370450262,1739079000,46,Neutral,0.5
2025-02-10,889,3624958.646305,0.4780652418447694,71.88807047244094,10125.99166113611,34318.415525228345,1739165400,43,Fear,0.0
2025-02-11,848,2797544.226785,0.21816037735849056,-7.186067001179245,1503.7326192688681,19989.86707794811,1739251800,47,Neutral,0.5
2025-02-12,1031,4143974.446796168,0.4626576139670223,19.251828353055284,1153.2497903200776,20122.266069995152,1739338200,46,Neutral,0.5
2025-02-13,1370,3199852.209671,0.4678832116788321,20.313528640875912,12293.629157912408,19088.377477377373,1739424600,50,Neutral,0.5
2025-02-14,1655,4007103.2442844,0.42900302114803623,129.22095184773414,120.42195311178247,20052.512642015045,1739511000,48,Neutral,0.5
2025-02-15,932,1712852.9726,0.4302575107296137,48.32932082618026,15140.323771931331,11469.872673227468,1739597400,50,Neutral,0.5
2025-02-16,681,806177.54267,0.44052863436123346,3.4794103157121876,178.82243474302496,3744.413148171806,1739683800,54,Neutral,0.5
2025-02-17,941,2031044.5278709999,0.22422954303931988,1.9325964877789585,150.9278060255048,4732.56718405526,1739770200,51,Neutral,0.5
2025-02-18,1676,3371128.755508,0.5119331742243437,54.418062292959426,26591.554888144394,6687.4516690757755,1739856600,47,Neutral,0.5
2025-02-19,1361,3263930.31753133,0.4276267450404115,11.010870463629685,38525.89681562821,18063.043201803306,1739943000,44,Fear,0.0
2025-02-20,2012,4628609.276245,0.47912524850894633,22.867193887673956,4036.1905930168987,16106.864259217198,1740029400,49,Neutral,0.5
2025-02-21,1873,3972159.9927710197,0.5221569674319274,63.904695114789114,4320.328889701014,15982.61099378804,1740115800,55,Greed,1.0
2025-02-22,686,3175570.174686,0.4970845481049563,36.849423,18490.481035247816,16330.238533271136,1740202200,49,Neutral,0.5
2025-02-23,520,1141310.664357,0.45,20.494104328846156,9601.470606192306,6653.326019425,1740288600,50,Neutral,0.5
2025-02-24,5616,11223619.8034631,0.39672364672364674,6.850102607193732,289.79011483618234,415.2820556340812,1740375000,49,Neutral,0.5
2025-02-25,6246,19414984.756965,0.260646813960935,32.782929400256165,752.958297976305,1141.5425229423631,1740461400,25,Fear,0.0
2025-02-26,1176,4946957.969294,0.6709183673469388,53.76621014370748,2214.1784380187073,1021.7923438341836,1740547800,21,Extreme Fear,0.0
2025-02-27,890,1999898.305549,0.27752808988764044,-41.039514064044944,399.5359947752809,3783.741142521348,1740634200,10,Extreme Fear,0.0
2025-02-28,1019,4123660.762637,0.3886162904808636,221.4211077016683,277.8963830225712,2374.567007783121,1740720600,16,Extreme Fear,0.0
2025-03-01,174,263824.12591388,0.4482758620689655,60.897177977011495,1453.8465763541953,3119.315583793103,1740807000,20,Extreme Fear,0.0
2025-03-02,532,6460848.75823,0.5018796992481203,125.77879832330827,481.5162955075188,9371.077831221804,1740893400,26,Fear,0.0
2025-03-03,1482,8244590.617822,0.6153846153846154,415.9332201302294,819.9971219298245,3500.2799614203777,1740979800,33,Fear,0.0
2025-03-04,2402,11124247.007898001,0.25353871773522063,75.80165136761032,395.2333713405495,2545.786879941715,1741066200,15,Extreme Fear,0.0
2025-03-05,1660,9193653.8498,0.7584337349397591,162.24600356445782,395.54231454216864,3657.355850823494,1741152600,20,Extreme Fear,0.0
2025-03-06,760,6765325.028567,0.48026315789473684,21.18569152763158,177.09613988157895,5795.717284914474,1741239000,25,Fear,0.0
2025-03-07,2552,19854275.554943,0.5223354231974922,58.86993010462382,524.3708673981191,4468.829034675548,1741325400,34,Fear,0.0
2025-03-08,529,892083.4479949999,0.5689981096408318,46.69333338185255,8446.890769432892,3131.854198517958,1741411800,28,Fear,0.0
2025-03-09,1422,10419697.999238,0.4409282700421941,13.905384947257385,173.21962450070322,806.5426083241913,1741498200,27,Fear,0.0
2025-03-10,2911,16811790.415495,0.39745791824115423,-3.438690233596702,249.46059332531777,2998.767983825833,1741584600,20,Extreme Fear,0.0
2025-03-11,3286,14016952.17719,0.18746195982958003,-23.3964482763238,6645.926485982957,2341.3900885374314,1741671000,24,Extreme Fear,0.0
2025-03-12,3968,18618139.113543,0.5645161290322581,72.60735489289314,3113.656990201613,4000.6491172159776,1741757400,34,Fear,0.0
2025-03-13,962,3285591.083667,0.4573804573804574,14.672422944906446,769.9719890956341,5443.617843656964,1741843800,45,Neutral,0.5
2025-03-14,2210,8047187.3251942545,0.8538461538461538,31.061610899999998,151.17492001809956,4004.7944216610863,1741930200,27,Fear,0.0
2025-03-15,261,2355749.524356,0.5938697318007663,301.51197154022987,11648.385178582375,23597.128657252873,1742016600,46,Neutral,0.5
2025-03-16,530,10187921.386796,0.2320754716981132,-14.926308575471696,768.3061799999999,50519.7275055283,1742103000,30,Fear,0.0
2025-03-17,920,3592895.2260114,0.4532608695652174,28.439028818478263,4903.764129684782,9535.147864272825,1742189400,32,Fear,0.0
2025-03-18,834,4050655.349877,0.22541966426858512,86.71797221103118,1535.1697893645085,11904.990233124701,1742275800,34,Fear,0.0
2025-03-19,1612,4598813.831943,0.4162531017369727,18.222507655707197,508.26528596774193,15006.281201493797,1742362200,32,Fear,0.0
2025-03-20,771,1652257.889713,0.4085603112840467,13.290349463035021,1317.1657269260702,2358.06017454345,1742448600,49,Neutral,0.5
2025-03-21,698,2543903.513556,0.5,9.958840077363897,3798.430613997135,4097.717261760745,1742535000,31,Fear,0.0
2025-03-22,535,971809.293555,0.4747663551401869,23.361748138317758,2909.246033775701,3803.037827611215,1742621400,32,Fear,0.0
2025-03-23,447,2593519.577109,0.32662192393736017,31.425999071588368,1103.4231739149889,5709.453012297539,1742707800,30,Fear,0.0
2025-03-24,1027,3017587.067773,0.6153846153846154,105.04280555111977,601.2290101265822,3414.229185942551,1742794200,45,Neutral,0.5
2025-03-25,791,5372519.7425110005,0.3615676359039191,40.49419314791403,1580.5146329329964,11769.79868919722,1742880600,46,Neutral,0.5
2025-03-26,3102,7597754.2762050005,0.27111540941328177,5.094186791424887,1567.2311986363636,1063.4996657601548,1742967000,47,Neutral,0.5
2025-03-27,785,3240279.56362,0.33375796178343947,74.9367633388535,874.4341570063694,9118.37818057707,1743053400,40,Fear,0.0
2025-03-28,728,1483092.730849,0.3173076923076923,29.30931227335165,2231.639969546703,7612.338172063187,1743139800,44,Fear,0.0
2025-03-29,1894,3668151.720227,0.3558606124604013,6.38800049155227,754.4297858078141,2414.803543719641,1743226200,26,Fear,0.0
2025-03-30,568,2850874.991526816,0.16549295774647887,27.8083013028169,1228.7883562622185,7603.879054272887,1743312600,32,Fear,0.0
2025-03-31,495,2164772.575714,0.5232323232323233,14.097342539393939,2508.1978223434344,8426.110126818183,1743399000,34,Fear,0.0
2025-04-01,192,704445.12239,0.4583333333333333,-11.472199177083334,4802.903843437501,11425.36599246875,1743485400,34,Fear,0.0
2025-04-02,1076,3867930.737374,0.8949814126394052,187.930056633829,3501.94435197026,7414.856134767658,1743571800,44,Fear,0.0
2025-04-03,1748,8670233.201231001,0.2974828375286041,-1.353524757437071,3045.6914925,4420.623526697368,1743658200,25,Fear,0.0
2025-04-04,1272,3835545.73728,0.38757861635220126,-20.05949602987421,1120.6597571933962,4732.811766900943,1743744600,28,Fear,0.0
2025-04-05,360,1267564.24297765,0.5805555555555556,99.74260475,4383.427402332916,10940.511464127778,1743831000,30,Fear,0.0
2025-04-06,1048,3551252.0569633464,0.31679389312977096,44.89832945801527,1001.9369383523092,4081.8439489007637,1743917400,34,Fear,0.0
2025-04-07,2814,14460253.178459,0.23916133617626156,12.269854408315563,1390.211987228145,10523.865138202558,1744003800,23,Extreme Fear,0.0
2025-04-08,943,8869391.44792445,0.4093319194061506,37.00890222481442,1011.6980223463945,31685.96511792683,1744090200,24,Extreme Fear,0.0
2025-04-09,3967,28556805.94634,0.43055205444920597,10.86978694151752,758.795106145702,13917.529131650617,1744176600,18,Extreme Fear,0.0
2025-04-10,2127,28741953.615789194,0.5289139633286318,74.40612236060178,1469.0281386025783,39246.50578036154,1744263000,39,Fear,0.0
2025-04-11,1096,11319327.182071,0.3357664233576642,115.33437872354014,575.8179395620438,18896.037772089418,1744349400,25,Fear,0.0
2025-04-12,2109,55914617.530629,0.2721669037458511,194.60393292223802,822.3707683594121,52901.409214082974,1744435800,43,Fear,0.0
2025-04-13,1321,14171154.5799719,0.3618470855412566,36.86299888039364,1965.6295054111279,32683.551292376986,1744522200,45,Neutral,0.5
2025-04-14,890,13079972.788512,0.42247191011235957,51.32634052022472,286.77110902247193,32893.321598730334,1744608600,31,Fear,0.0
2025-04-15,1131,20752167.96382805,0.5720601237842617,63.976751796640144,293.8851419244032,63863.56281482317,1744695000,38,Fear,0.0
2025-04-16,1608,36502715.738832,0.3401741293532338,36.46251881654229,426.35041916666665,48069.123414856964,1744781400,29,Fear,0.0
2025-04-17,1031,2604551.508962,0.30358874878758485,5.264713759456837,640.3218788263822,1747.3123040737148,1744867800,30,Fear,0.0
2025-04-18,1894,24610650.418877,0.5126715945089757,2.576771248152059,168.47467762935585,15666.24511019377,1744954200,33,Fear,0.0
2025-04-19,2786,32706462.99787461,0.2921751615218952,25.82576363783202,962.5265927287832,16014.825865230438,1745040600,32,Fear,0.0
2025-04-20,1982,12126094.1101076,0.3985872855701312,12.643966668012109,913.837193026993,7953.09440782997,1745127000,37,Fear,0.0
2025-04-21,1718,42104054.805227004,0.3940628637951106,20.005394590803256,1357.9894243189756,41859.99143913446,1745213400,39,Fear,0.0
2025-04-22,2998,33753625.25389654,0.2961974649766511,19.563963835223483,10907.10866740984,15070.37095092762,1745299800,47,Neutral,0.5
2025-04-23,6159,30682443.718835,0.324728040266277,-68.03380836678032,11495.453516889105,12725.948066658386,1745386200,72,Greed,1.0
2025-04-24,2232,35088918.521418,0.4135304659498208,22.717023281810036,1915.6277568951612,42081.60551729973,1745472600,63,Greed,1.0
2025-04-25,1653,27749456.11413418,0.38596491228070173,12.231614764670297,1990.6768726433152,33876.77419571567,1745559000,60,Greed,1.0
2025-04-26,1131,11948127.616027,0.1724137931034483,-3.6478814694960215,7493.097777524315,24357.80254500265,1745645400,65,Greed,1.0
2025-04-27,337,487537.776236,0.3560830860534125,8.018004356083086,11535.401438338278,13133.751885486648,1745731800,61,Greed,1.0
2025-04-28,1379,26124921.623683,0.4169688179840464,26.763461754169686,156.09084929659173,58469.14186169688,1745818200,54,Neutral,0.5
2025-04-29,2243,34089511.400916,0.43201069995541685,56.06313572313866,132.62681905929557,28548.785993098085,1745904600,60,Greed,1.0
2025-04-30,1113,12693878.608166,0.26504941599281223,12.582028094339623,140.14025361185983,35649.303644469,1745991000,56,Greed,1.0
2025-05-01,1230,10720240.60794,0.43089430894308944,44.338885607317074,82.80912286991871,12672.104182341463,1746077400,53,Neutral,0.5
